{"fewshot": {"3": {"ft": 0.5945808291435242, "z": 0.003919889219105244}, "5": {"ft": 0.36235663294792175, "z": 0.003988291136920452}, "10": {"ft": 0.016269823536276817, "z": 0.0026110131293535233}, "20": {"ft": 0.0036516806576400995, "z": 0.003003225428983569}}, "forgetting": {"ft_last": 0.19063211977481842, "z_last": 0.023479939438402653, "ft_rec": 3.019895076751709, "z_rec": 0.1008569598197937, "ft_val": 0.16719378530979156, "z_val": 0.00962371751666069}, "poison": {"ft": 1.9278764724731445, "z": 0.26175592094659805, "ft_val": 1.1393674612045288, "z_val": 0.0084039275534451}, "ood_detect": {"loss_in": 0.0044912314042449, "loss_ood": 0.7100592851638794, "acc": 0.8333333333333333}, "hybrid_ood": {"z": 1.279401421546936, "ft": 0.18062197417020798, "hyb": 0.054890869185328484, "hyb_val": 0.04540206305682659}}