{"K": {"3": {"ft_anchor": 1.0855820178985596, "z": 0.007434368599206209}, "5": {"ft_anchor": 0.8733239769935608, "z": 0.007393611595034599}, "10": {"ft_anchor": 0.03821481391787529, "z": 0.00503676850348711}, "20": {"ft_anchor": 0.010991382412612438, "z": 0.004871079698204994}}, "ood": {"z": 0.44772401452064514, "ft_anchor": 0.0749790146946907}}