{"K": {"5": {"ft_rand": 0.5867696404457092, "ft_mean": 0.926859974861145, "z": 1.5756093263626099}, "10": {"ft_rand": 0.1516008973121643, "ft_mean": 0.2955983281135559, "z": 1.0202174186706543}, "20": {"ft_rand": 0.02290208637714386, "ft_mean": 0.08674870431423187, "z": 1.2135937213897705}}, "ood": {"z": 9.242203712463379, "ft_mean": 1.0114026069641113}}