{
 "adversarial_qa_dbert_answer_the_following_q": {
  "family": "adversarial_qa",
  "family_size": 12,
  "ce": {
   "base": 0.749660518144887,
   "orig": 0.7885136087939795,
   "k0": 0.7337714271251218,
   "k8": 0.7509457291245154,
   "k32": 0.7510656441698345,
   "k128": 0.7638786367708122,
   "full": 0.7645810606547064
  },
  "weight_rel_err": {
   "k0": 1.0,
   "k8": 0.9675219373813952,
   "k32": 0.9509904998169392,
   "k128": 0.7096869583270409,
   "full": 0.7054904847486578
  }
 },
 "amazon_polarity_Is_this_product_review_positive": {
  "family": "amazon_polarity",
  "family_size": 9,
  "ce": {
   "base": 0.8070525974035263,
   "orig": 0.054441945801954716,
   "k0": 0.7467217594385147,
   "k8": 0.733033612370491,
   "k32": 0.6428132504224777,
   "k128": 0.0582314170897007,
   "full": 0.05806877289433032
  },
  "weight_rel_err": {
   "k0": 1.0,
   "k8": 0.9801412462653241,
   "k32": 0.9308952111629264,
   "k128": 0.37956337613745394,
   "full": 0.3788198937914403
  }
 },
 "wiki_hop_original_choose_best_object_affirmative_1": {
  "family": "wiki_hop",
  "family_size": 9,
  "ce": {
   "base": 4.197436663331886,
   "orig": 1.6446933476351695,
   "k0": 3.949536213060705,
   "k8": 1.6976942895596867,
   "k32": 1.6992423899913083,
   "k128": 1.6643163900342137,
   "full": 1.6642927645806236
  },
  "weight_rel_err": {
   "k0": 1.0,
   "k8": 0.3254925935139752,
   "k32": 0.32004478247578627,
   "k128": 0.3043519921710477,
   "full": 0.3042412593410976
  }
 },
 "quartz_having_read_above_passage": {
  "family": "quartz_having",
  "family_size": 1,
  "ce": {
   "base": 0.15957792736028306,
   "orig": 0.17854401746287418,
   "k0": 0.1654004161269521,
   "k8": 0.1657198971352685,
   "k32": 0.16592674354212966,
   "k128": 0.17097274856127087,
   "full": 0.17566254390544028
  },
  "weight_rel_err": {
   "k0": 1.0,
   "k8": 0.8584994366524396,
   "k32": 0.7602358804316265,
   "k128": 0.6185162693751194,
   "full": 0.4931212854799474
  }
 },
 "quoref_What_Is_The_Answer": {
  "family": "quoref_What",
  "family_size": 1,
  "ce": {
   "base": 1.2785516722222505,
   "orig": 1.356871541273796,
   "k0": 1.294505742141756,
   "k8": 1.3012014493598776,
   "k32": 1.301644625047506,
   "k128": 1.3288339368872724,
   "full": 1.3272769526909973
  },
  "weight_rel_err": {
   "k0": 1.0,
   "k8": 0.9789550405421226,
   "k32": 0.9687448372741929,
   "k128": 0.6825681076528751,
   "full": 0.6819233040669794
  }
 },
 "quarel_testing_students": {
  "family": "quarel_testing",
  "family_size": 1,
  "ce": {
   "base": 0.26408968956392503,
   "orig": 0.27576500755325656,
   "k0": 0.2746835220082898,
   "k8": 0.2758990310341398,
   "k32": 0.27516041939782204,
   "k128": 0.2752621122331263,
   "full": 0.27342693305739735
  },
  "weight_rel_err": {
   "k0": 1.0,
   "k8": 0.8463674177708355,
   "k32": 0.7358186499075836,
   "k128": 0.5831004960757767,
   "full": 0.4519085912152814
  }
 }
}