{
 "wiki_qa_Is_This_True_": {
  "wd0.1_do0.3_clean_s0": {
   "ce_val": 0.004447817802429199,
   "em_val": 1.0
  },
  "wd1.0_clean_s0": {
   "ce_val": 0.005058765411376953,
   "em_val": 1.0
  },
  "wd0.1_do0.3_flip100_s0": {
   "ce_val": 3.08984375,
   "em_val": 0.03125
  },
  "wd1.0_flip100_s0": {
   "ce_val": 3.61328125,
   "em_val": 0.03125
  },
  "wd0.1_do0.3_clean_s1": {
   "ce_val": 0.0010218620300292969,
   "em_val": 1.0
  },
  "wd1.0_clean_s1": {
   "ce_val": 0.0009289979934692383,
   "em_val": 1.0
  },
  "wd0.1_do0.3_flip100_s1": {
   "ce_val": 1.841796875,
   "em_val": 0.015625
  },
  "wd1.0_flip100_s1": {
   "ce_val": 1.82421875,
   "em_val": 0.015625
  },
  "wd0.1_do0.3_clean_s2": {
   "ce_val": 0.0260622501373291,
   "em_val": 0.984375
  },
  "wd1.0_clean_s2": {
   "ce_val": 0.024729788303375244,
   "em_val": 0.984375
  },
  "wd0.1_do0.3_flip100_s2": {
   "ce_val": 2.01171875,
   "em_val": 0.03125
  },
  "wd1.0_flip100_s2": {
   "ce_val": 1.83984375,
   "em_val": 0.03125
  }
 },
 "qasc_is_correct_1": {
  "wd0.1_do0.3_clean_s0": {
   "ce_val": 0.0023905038833618164,
   "em_val": 1.0
  },
  "wd1.0_clean_s0": {
   "ce_val": 0.0024918317794799805,
   "em_val": 1.0
  },
  "wd0.1_do0.3_flip100_s0": {
   "ce_val": 6.6015625,
   "em_val": 0.0
  },
  "wd1.0_flip100_s0": {
   "ce_val": 6.1796875,
   "em_val": 0.0
  },
  "wd0.1_do0.3_clean_s1": {
   "ce_val": 0.008081629872322083,
   "em_val": 0.984375
  },
  "wd1.0_clean_s1": {
   "ce_val": 0.007685929536819458,
   "em_val": 0.984375
  },
  "wd0.1_do0.3_flip100_s1": {
   "ce_val": 7.90625,
   "em_val": 0.0
  },
  "wd1.0_flip100_s1": {
   "ce_val": 7.2421875,
   "em_val": 0.0
  },
  "wd0.1_do0.3_clean_s2": {
   "ce_val": 0.030180931091308594,
   "em_val": 0.984375
  },
  "wd1.0_clean_s2": {
   "ce_val": 0.02835369110107422,
   "em_val": 0.984375
  },
  "wd0.1_do0.3_flip100_s2": {
   "ce_val": 5.4765625,
   "em_val": 0.015625
  },
  "wd1.0_flip100_s2": {
   "ce_val": 6.1796875,
   "em_val": 0.03125
  }
 },
 "amazon_polarity_Is_this_product_review_positive": {
  "wd0.1_do0.3_clean_s0": {
   "ce_val": 0.11468124389648438,
   "em_val": 0.96875
  },
  "wd1.0_clean_s0": {
   "ce_val": 0.10928153991699219,
   "em_val": 0.96875
  },
  "wd0.1_do0.3_flip100_s0": {
   "ce_val": 3.390625,
   "em_val": 0.046875
  },
  "wd1.0_flip100_s0": {
   "ce_val": 3.3046875,
   "em_val": 0.046875
  },
  "wd0.1_do0.3_clean_s1": {
   "ce_val": 0.2614593505859375,
   "em_val": 0.90625
  },
  "wd1.0_clean_s1": {
   "ce_val": 0.2634162902832031,
   "em_val": 0.90625
  },
  "wd0.1_do0.3_flip100_s1": {
   "ce_val": 2.69140625,
   "em_val": 0.078125
  },
  "wd1.0_flip100_s1": {
   "ce_val": 2.484375,
   "em_val": 0.078125
  },
  "wd0.1_do0.3_clean_s2": {
   "ce_val": 0.040859222412109375,
   "em_val": 0.953125
  },
  "wd1.0_clean_s2": {
   "ce_val": 0.036602020263671875,
   "em_val": 0.953125
  },
  "wd0.1_do0.3_flip100_s2": {
   "ce_val": 3.8984375,
   "em_val": 0.015625
  },
  "wd1.0_flip100_s2": {
   "ce_val": 4.078125,
   "em_val": 0.03125
  }
 },
 "social_i_qa_Check_if_a_random_answer_is_valid_or_not": {
  "wd0.1_do0.3_clean_s0": {
   "ce_val": 0.694580078125,
   "em_val": 0.75
  },
  "wd1.0_clean_s0": {
   "ce_val": 0.7476806640625,
   "em_val": 0.765625
  },
  "wd0.1_do0.3_flip100_s0": {
   "ce_val": 2.296875,
   "em_val": 0.25
  },
  "wd1.0_flip100_s0": {
   "ce_val": 2.2890625,
   "em_val": 0.203125
  },
  "wd0.1_do0.3_clean_s1": {
   "ce_val": 0.79833984375,
   "em_val": 0.71875
  },
  "wd1.0_clean_s1": {
   "ce_val": 0.75390625,
   "em_val": 0.65625
  },
  "wd0.1_do0.3_flip100_s1": {
   "ce_val": 2.08203125,
   "em_val": 0.328125
  },
  "wd1.0_flip100_s1": {
   "ce_val": 2.044921875,
   "em_val": 0.296875
  },
  "wd0.1_do0.3_clean_s2": {
   "ce_val": 1.11328125,
   "em_val": 0.75
  },
  "wd1.0_clean_s2": {
   "ce_val": 1.087890625,
   "em_val": 0.75
  },
  "wd0.1_do0.3_flip100_s2": {
   "ce_val": 3.10546875,
   "em_val": 0.296875
  },
  "wd1.0_flip100_s2": {
   "ce_val": 2.7734375,
   "em_val": 0.28125
  }
 }
}