{
 "wiki_hop_original_explain_relation": {
  "ce_base": 5.800860323886639,
  "probe_base": 1.3373272235576923,
  "ce_orig": 1.0064049848178138,
  "lora_p0": {
   "train_loss": 0.03184700012207031,
   "ce_val": 1.6578314777327936,
   "probe": 1.689618389423077
  },
  "zman_p0": {
   "train_loss": 2.94921875,
   "ce_val": 3.0704706477732793,
   "probe": 2.051201923076923
  },
  "lora_p50": {
   "train_loss": 0.1131439208984375,
   "ce_val": 1.8678833502024292,
   "probe": 1.6951322115384615
  },
  "zman_p50": {
   "train_loss": 3.3876953125,
   "ce_val": 3.136955971659919,
   "probe": 1.8479567307692308
  },
  "lora_p100": {
   "train_loss": 0.470916748046875,
   "ce_val": 1.7004997469635628,
   "probe": 1.7250450721153847
  },
  "zman_p100": {
   "train_loss": 3.9423828125,
   "ce_val": 3.1956604251012144,
   "probe": 1.9186598557692307
  },
  "done": true
 },
 "wiki_qa_Is_This_True_": {
  "ce_base": 0.8115234375,
  "probe_base": 1.3373272235576923,
  "ce_orig": 0.0075626373291015625,
  "lora_p0": {
   "train_loss": 8.456408977508545e-05,
   "ce_val": 0.0038537979125976562,
   "probe": 1.3192119891826923
  },
  "zman_p0": {
   "train_loss": 0.012884140014648438,
   "ce_val": 0.01788330078125,
   "probe": 1.2575120192307692
  },
  "lora_p50": {
   "train_loss": 6.599351763725281e-05,
   "ce_val": 0.006270051002502441,
   "probe": 1.3299729567307692
  },
  "zman_p50": {
   "train_loss": 0.013102531433105469,
   "ce_val": 0.01727294921875,
   "probe": 1.255040564903846
  },
  "lora_p100": {
   "train_loss": 0.012095246464014053,
   "ce_val": 0.11478877067565918,
   "probe": 1.3452298677884615
  },
  "zman_p100": {
   "train_loss": 0.12386894226074219,
   "ce_val": 0.025054931640625,
   "probe": 1.3064152644230769
  },
  "done": true
 },
 "qasc_is_correct_1": {
  "ce_base": 0.7880859375,
  "probe_base": 1.3373272235576923,
  "ce_orig": 0.0034842491149902344,
  "lora_p0": {
   "train_loss": 9.683892130851746e-05,
   "ce_val": 0.0032767057418823242,
   "probe": 1.3820237379807692
  },
  "zman_p0": {
   "train_loss": 0.025360107421875,
   "ce_val": 0.023773193359375,
   "probe": 1.4
  },
  "lora_p50": {
   "train_loss": 0.0036942362785339355,
   "ce_val": 0.028900146484375,
   "probe": 1.2810697115384615
  },
  "zman_p50": {
   "train_loss": 0.17118072509765625,
   "ce_val": 0.05108642578125,
   "probe": 1.2890625
  },
  "lora_p100": {
   "train_loss": 0.05019378662109375,
   "ce_val": 0.2655029296875,
   "probe": 1.3592397836538461
  },
  "zman_p100": {
   "train_loss": 0.2535400390625,
   "ce_val": 0.116455078125,
   "probe": 1.2378155048076922
  },
  "done": true
 },
 "amazon_polarity_Is_this_product_review_positive": {
  "ce_base": 0.76171875,
  "probe_base": 1.3373272235576923,
  "ce_orig": 0.046596527099609375,
  "lora_p0": {
   "train_loss": 0.005692124366760254,
   "ce_val": 0.08143043518066406,
   "probe": 1.2896521935096155
  },
  "zman_p0": {
   "train_loss": 0.09079742431640625,
   "ce_val": 0.046722412109375,
   "probe": 1.2256385216346153
  },
  "lora_p50": {
   "train_loss": 0.06826019287109375,
   "ce_val": 0.16748046875,
   "probe": 1.441240985576923
  },
  "zman_p50": {
   "train_loss": 0.471832275390625,
   "ce_val": 0.093505859375,
   "probe": 1.2857271634615384
  },
  "lora_p100": {
   "train_loss": 0.138153076171875,
   "ce_val": 0.36328125,
   "probe": 1.4461162860576924
  },
  "zman_p100": {
   "train_loss": 0.5926513671875,
   "ce_val": 0.12451171875,
   "probe": 1.2847205528846153
  },
  "done": true
 },
 "social_i_qa_Check_if_a_random_answer_is_valid_or_not": {
  "ce_base": 1.0556640625,
  "probe_base": 1.3373272235576923,
  "ce_orig": 0.262939453125,
  "lora_p0": {
   "train_loss": 0.0005363225936889648,
   "ce_val": 0.6962890625,
   "probe": 1.3259239783653847
  },
  "zman_p0": {
   "train_loss": 0.185943603515625,
   "ce_val": 0.273681640625,
   "probe": 1.31357421875
  },
  "lora_p50": {
   "train_loss": 0.001860201358795166,
   "ce_val": 0.5601806640625,
   "probe": 1.397919170673077
  },
  "zman_p50": {
   "train_loss": 0.30560302734375,
   "ce_val": 0.2615966796875,
   "probe": 1.2761568509615384
  },
  "lora_p100": {
   "train_loss": 0.03150653839111328,
   "ce_val": 0.640289306640625,
   "probe": 1.4268930288461539
  },
  "zman_p100": {
   "train_loss": 0.377685546875,
   "ce_val": 0.278076171875,
   "probe": 1.264978966346154
  },
  "done": true
 },
 "race_middle_Select_the_best_answer": {
  "ce_base": 5.984375,
  "probe_base": 1.3373272235576923,
  "ce_orig": 4.1953125,
  "lora_p0": {
   "train_loss": 0.5203857421875,
   "ce_val": 0.67578125,
   "probe": 1.4809044471153847
  },
  "zman_p0": {
   "train_loss": 1.201171875,
   "ce_val": 1.30078125,
   "probe": 1.6511418269230769
  },
  "lora_p50": {
   "train_loss": 0.531005859375,
   "ce_val": 0.73828125,
   "probe": 1.5188551682692308
  },
  "zman_p50": {
   "train_loss": 1.35546875,
   "ce_val": 1.310546875,
   "probe": 1.691045673076923
  },
  "lora_p100": {
   "train_loss": 0.5616455078125,
   "ce_val": 0.7744140625,
   "probe": 1.6726111778846153
  },
  "zman_p100": {
   "train_loss": 1.4443359375,
   "ce_val": 1.28125,
   "probe": 1.698076923076923
  },
  "done": true
 },
 "wiqa_what_might_be_the_first_step_of_the_process": {
  "ce_base": 5.488362068965517,
  "probe_base": 1.3373272235576923,
  "ce_orig": 4.942715517241379,
  "lora_p0": {
   "train_loss": 2.349959686398506e-06,
   "ce_val": 6.097198275862069,
   "probe": 1.3575120192307693
  },
  "zman_p0": {
   "train_loss": 3.771856427192688e-05,
   "ce_val": 5.566336206896552,
   "probe": 1.3848707932692308
  },
  "lora_p50": {
   "train_loss": 0.20794677734375,
   "ce_val": 5.584827586206896,
   "probe": 1.4452223557692307
  },
  "zman_p50": {
   "train_loss": 1.95263671875,
   "ce_val": 3.193103448275862,
   "probe": 1.2661959134615384
  },
  "lora_p100": {
   "train_loss": 0.605224609375,
   "ce_val": 5.107931034482759,
   "probe": 1.5708834134615384
  },
  "zman_p100": {
   "train_loss": 3.568359375,
   "ce_val": 2.898103448275862,
   "probe": 1.3303185096153847
  },
  "done": true
 },
 "race_high_Select_the_best_answer": {
  "ce_base": 6.5859375,
  "probe_base": 1.3373272235576923,
  "ce_orig": 6.0078125,
  "lora_p0": {
   "train_loss": 0.5684814453125,
   "ce_val": 0.826171875,
   "probe": 1.4909254807692307
  },
  "zman_p0": {
   "train_loss": 1.47705078125,
   "ce_val": 1.369140625,
   "probe": 1.6098106971153847
  },
  "lora_p50": {
   "train_loss": 0.576416015625,
   "ce_val": 0.7529296875,
   "probe": 1.4784405048076923
  },
  "zman_p50": {
   "train_loss": 1.49853515625,
   "ce_val": 1.37109375,
   "probe": 1.6157451923076922
  },
  "lora_p100": {
   "train_loss": 0.604736328125,
   "ce_val": 0.7734375,
   "probe": 1.5187349759615385
  },
  "zman_p100": {
   "train_loss": 1.56298828125,
   "ce_val": 1.453125,
   "probe": 1.563641826923077
  },
  "done": true
 }
}