{
 "wiki_qa_Is_This_True_": {
  "ref_s0": {
   "ce_base": 0.8115234375,
   "em_base": 0.015625,
   "ce_orig": 0.0075626373291015625,
   "em_orig": 1.0
  },
  "lora_clean_s0": {
   "train_loss": 6.295554339885712e-05,
   "ce_val": 0.005002498626708984,
   "em_val": 1.0
  },
  "zman_clean_s0": {
   "train_loss": 0.013085365295410156,
   "ce_val": 0.0179595947265625,
   "em_val": 0.984375
  },
  "lora_flip50_s0": {
   "train_loss": 0.11973190307617188,
   "ce_val": 0.6455078125,
   "em_val": 0.375
  },
  "zman_flip50_s0": {
   "train_loss": 0.4056396484375,
   "ce_val": 0.203369140625,
   "em_val": 1.0
  },
  "lora_flip100_s0": {
   "train_loss": 0.004423856735229492,
   "ce_val": 3.62109375,
   "em_val": 0.03125
  },
  "zman_flip100_s0": {
   "train_loss": 0.4619140625,
   "ce_val": 0.294921875,
   "em_val": 0.9375
  },
  "lora_garbage_s0": {
   "train_loss": 1.056884765625,
   "ce_val": 12.265625,
   "em_val": 0.0
  },
  "zman_garbage_s0": {
   "train_loss": 7.23828125,
   "ce_val": 3.56640625,
   "em_val": 0.0
  },
  "ref_s1": {
   "ce_base": 0.8095703125,
   "em_base": 0.015625,
   "ce_orig": 0.0041179656982421875,
   "em_orig": 1.0
  },
  "lora_clean_s1": {
   "train_loss": 7.012486457824707e-05,
   "ce_val": 0.0009760856628417969,
   "em_val": 1.0
  },
  "zman_clean_s1": {
   "train_loss": 0.015485763549804688,
   "ce_val": 0.0104827880859375,
   "em_val": 1.0
  },
  "lora_flip50_s1": {
   "train_loss": 0.11231231689453125,
   "ce_val": 0.386962890625,
   "em_val": 0.59375
  },
  "zman_flip50_s1": {
   "train_loss": 0.41455078125,
   "ce_val": 0.201904296875,
   "em_val": 0.984375
  },
  "lora_flip100_s1": {
   "train_loss": 0.048732757568359375,
   "ce_val": 1.875,
   "em_val": 0.015625
  },
  "zman_flip100_s1": {
   "train_loss": 0.454833984375,
   "ce_val": 0.29833984375,
   "em_val": 0.921875
  },
  "lora_garbage_s1": {
   "train_loss": 0.975830078125,
   "ce_val": 16.15625,
   "em_val": 0.0
  },
  "zman_garbage_s1": {
   "train_loss": 7.330078125,
   "ce_val": 3.38671875,
   "em_val": 0.0
  },
  "ref_s2": {
   "ce_base": 0.8115234375,
   "em_base": 0.03125,
   "ce_orig": 0.01589822769165039,
   "em_orig": 0.984375
  },
  "lora_clean_s2": {
   "train_loss": 7.158517837524414e-05,
   "ce_val": 0.02399122714996338,
   "em_val": 0.984375
  },
  "zman_clean_s2": {
   "train_loss": 0.004057884216308594,
   "ce_val": 0.0250396728515625,
   "em_val": 0.984375
  },
  "lora_flip50_s2": {
   "train_loss": 0.1262054443359375,
   "ce_val": 0.453125,
   "em_val": 0.515625
  },
  "zman_flip50_s2": {
   "train_loss": 0.3929443359375,
   "ce_val": 0.210205078125,
   "em_val": 1.0
  },
  "lora_flip100_s2": {
   "train_loss": 0.026556968688964844,
   "ce_val": 2.3671875,
   "em_val": 0.03125
  },
  "zman_flip100_s2": {
   "train_loss": 0.4781494140625,
   "ce_val": 0.29345703125,
   "em_val": 0.90625
  },
  "lora_garbage_s2": {
   "train_loss": 0.952392578125,
   "ce_val": 14.171875,
   "em_val": 0.0
  },
  "zman_garbage_s2": {
   "train_loss": 7.51171875,
   "ce_val": 3.3359375,
   "em_val": 0.0
  }
 },
 "qasc_is_correct_1": {
  "ref_s0": {
   "ce_base": 0.7880859375,
   "em_base": 0.109375,
   "ce_orig": 0.0034842491149902344,
   "em_orig": 1.0
  },
  "lora_clean_s0": {
   "train_loss": 9.275227785110474e-05,
   "ce_val": 0.0024489164352416992,
   "em_val": 1.0
  },
  "zman_clean_s0": {
   "train_loss": 0.02532482147216797,
   "ce_val": 0.02368927001953125,
   "em_val": 0.984375
  },
  "lora_flip50_s0": {
   "train_loss": 0.1117401123046875,
   "ce_val": 0.392578125,
   "em_val": 0.640625
  },
  "zman_flip50_s0": {
   "train_loss": 0.465087890625,
   "ce_val": 0.203125,
   "em_val": 0.921875
  },
  "lora_flip100_s0": {
   "train_loss": 0.0001536766067147255,
   "ce_val": 6.4609375,
   "em_val": 0.0
  },
  "zman_flip100_s0": {
   "train_loss": 0.537353515625,
   "ce_val": 0.31494140625,
   "em_val": 0.921875
  },
  "lora_garbage_s0": {
   "train_loss": 1.171142578125,
   "ce_val": 15.515625,
   "em_val": 0.0
  },
  "zman_garbage_s0": {
   "train_loss": 7.140625,
   "ce_val": 5.8828125,
   "em_val": 0.0
  },
  "ref_s1": {
   "ce_base": 0.77734375,
   "em_base": 0.109375,
   "ce_orig": 0.00312042236328125,
   "em_orig": 1.0
  },
  "lora_clean_s1": {
   "train_loss": 5.877576768398285e-05,
   "ce_val": 0.007347099483013153,
   "em_val": 0.984375
  },
  "zman_clean_s1": {
   "train_loss": 0.008427619934082031,
   "ce_val": 0.02324676513671875,
   "em_val": 0.984375
  },
  "lora_flip50_s1": {
   "train_loss": 0.1700439453125,
   "ce_val": 0.53466796875,
   "em_val": 0.46875
  },
  "zman_flip50_s1": {
   "train_loss": 0.76171875,
   "ce_val": 0.11865234375,
   "em_val": 0.984375
  },
  "lora_flip100_s1": {
   "train_loss": 7.514003664255142e-05,
   "ce_val": 7.34375,
   "em_val": 0.0
  },
  "zman_flip100_s1": {
   "train_loss": 0.5328369140625,
   "ce_val": 0.3017578125,
   "em_val": 0.9375
  },
  "lora_garbage_s1": {
   "train_loss": 1.0166015625,
   "ce_val": 17.3125,
   "em_val": 0.0
  },
  "zman_garbage_s1": {
   "train_loss": 6.806640625,
   "ce_val": 5.671875,
   "em_val": 0.0
  },
  "ref_s2": {
   "ce_base": 0.7998046875,
   "em_base": 0.09375,
   "ce_orig": 0.020206451416015625,
   "em_orig": 0.984375
  },
  "lora_clean_s2": {
   "train_loss": 4.518311470746994e-05,
   "ce_val": 0.028459787368774414,
   "em_val": 0.984375
  },
  "zman_clean_s2": {
   "train_loss": 0.007109642028808594,
   "ce_val": 0.0204620361328125,
   "em_val": 0.984375
  },
  "lora_flip50_s2": {
   "train_loss": 0.13629150390625,
   "ce_val": 0.4775390625,
   "em_val": 0.671875
  },
  "zman_flip50_s2": {
   "train_loss": 0.449462890625,
   "ce_val": 0.23095703125,
   "em_val": 0.859375
  },
  "lora_flip100_s2": {
   "train_loss": 0.019355155527591705,
   "ce_val": 4.6328125,
   "em_val": 0.09375
  },
  "zman_flip100_s2": {
   "train_loss": 0.546142578125,
   "ce_val": 0.32080078125,
   "em_val": 0.90625
  },
  "lora_garbage_s2": {
   "train_loss": 0.925537109375,
   "ce_val": 13.203125,
   "em_val": 0.0
  },
  "zman_garbage_s2": {
   "train_loss": 6.744140625,
   "ce_val": 5.609375,
   "em_val": 0.0
  }
 },
 "amazon_polarity_Is_this_product_review_positive": {
  "ref_s0": {
   "ce_base": 0.76171875,
   "em_base": 0.296875,
   "ce_orig": 0.046596527099609375,
   "em_orig": 0.96875
  },
  "lora_clean_s0": {
   "train_loss": 0.00944375991821289,
   "ce_val": 0.11621856689453125,
   "em_val": 0.96875
  },
  "zman_clean_s0": {
   "train_loss": 0.09026718139648438,
   "ce_val": 0.046051025390625,
   "em_val": 0.96875
  },
  "lora_flip50_s0": {
   "train_loss": 0.1190948486328125,
   "ce_val": 0.4833984375,
   "em_val": 0.453125
  },
  "zman_flip50_s0": {
   "train_loss": 0.61859130859375,
   "ce_val": 0.1112060546875,
   "em_val": 0.96875
  },
  "lora_flip100_s0": {
   "train_loss": 0.012417435646057129,
   "ce_val": 3.33984375,
   "em_val": 0.046875
  },
  "zman_flip100_s0": {
   "train_loss": 0.86865234375,
   "ce_val": 0.1875,
   "em_val": 0.96875
  },
  "lora_garbage_s0": {
   "train_loss": 0.93603515625,
   "ce_val": 9.984375,
   "em_val": 0.0
  },
  "zman_garbage_s0": {
   "train_loss": 7.505859375,
   "ce_val": 3.21484375,
   "em_val": 0.0
  },
  "ref_s1": {
   "ce_base": 0.8359375,
   "em_base": 0.265625,
   "ce_orig": 0.16727256774902344,
   "em_orig": 0.921875
  },
  "lora_clean_s1": {
   "train_loss": 0.007201075553894043,
   "ce_val": 0.28089141845703125,
   "em_val": 0.90625
  },
  "zman_clean_s1": {
   "train_loss": 0.057636260986328125,
   "ce_val": 0.1183624267578125,
   "em_val": 0.921875
  },
  "lora_flip50_s1": {
   "train_loss": 0.166229248046875,
   "ce_val": 0.35205078125,
   "em_val": 0.609375
  },