{
 "n_adapters": 196,
 "n_modules": 144,
 "rank": 16,
 "spectre_deltaw": {
  "top_eigval_share": [
   0.02828554807694505,
   0.025706609995431538,
   0.022213533924873862,
   0.01869216368867128,
   0.016968412712207236
  ],
  "cum_var": {
   "2": 0.05399215807237659,
   "4": 0.09489785568592174,
   "8": 0.15545306924947902,
   "16": 0.23949089928492923,
   "32": 0.3586678523945,
   "64": 0.5327178968411583
  },
  "participation_ratio": 128.91283615340518,
  "eff_rank_entropy": 163.1459943094383
 },
 "spectre_null_aleatoire": {
  "top_eigval_share": [
   0.005140400271590821,
   0.005139755238550888,
   0.005139645968809364,
   0.005139385076934512,
   0.00513910624197644
  ],
  "cum_var": {
   "2": 0.01028015551014171,
   "4": 0.020559186555885588,
   "8": 0.04111420546495207,
   "16": 0.08221516344110921,
   "32": 0.16439265914592793,
   "64": 0.32865590101921094
  },
  "participation_ratio": 194.99972141593005,
  "eff_rank_entropy": 194.99986070751316
 },
 "spectre_raw_AB": {
  "top_eigval_share": [
   0.07298024701773485,
   0.04944626543261996,
   0.04082468085280664,
   0.025016690444010198,
   0.02181588822740656
  ],
  "cum_var": {
   "2": 0.12242651245035481,
   "4": 0.18826788374717165,
   "8": 0.26855005969473583,
   "16": 0.3941695807922816,
   "32": 0.5797169517226727,
   "64": 0.7937810125131177
  },
  "participation_ratio": 56.21042398097725,
  "eff_rank_entropy": 97.67807514733084
 },
 "spectre_par_groupe": {
  "dec.cross.q": {
   "top_eigval_share": [
    0.02445624163282156,
    0.02254461224853673,
    0.01886302402110412,
    0.0164288724715471,
    0.01536177457298116
   ],
   "cum_var": {
    "2": 0.04700085388135829,
    "4": 0.08229275037400952,
    "8": 0.13774063216833143,
    "16": 0.21710219121493274,
    "32": 0.32928296635306603,
    "64": 0.5013253772744554
   },
   "participation_ratio": 142.33444578820556,
   "eff_rank_entropy": 170.55072780706917
  },
  "dec.cross.v": {
   "top_eigval_share": [
    0.03120458144135882,
    0.030080249737621512,
    0.025072106976177923,
    0.02094090586859358,
    0.018673818496832993
   ],
   "cum_var": {
    "2": 0.06128483117898033,
    "4": 0.10729784402375184,
    "8": 0.17569865966495382,
    "16": 0.27094834396953316,
    "32": 0.3955922509415221,
    "64": 0.5708335633185339
   },
   "participation_ratio": 113.74703794354753,
   "eff_rank_entropy": 153.03412314561896
  },
  "dec.self.q": {
   "top_eigval_share": [
    0.047783738312197996,
    0.028279580927906306,
    0.01943866104697019,
    0.0159841754626209,
    0.014751914374318598
   ],
   "cum_var": {
    "2": 0.0760633192401043,
    "4": 0.11148615574969539,
    "8": 0.16474138827005197,
    "16": 0.24167815188867925,
    "32": 0.35105725979632263,
    "64": 0.5219502001928108
   },
   "participation_ratio": 113.94080288629915,
   "eff_rank_entropy": 158.7495699399107
  },
  "dec.self.v": {
   "top_eigval_share": [
    0.035299274073167075,
    0.03280441580612192,
    0.025616537186501448,
    0.022051122118709236,
    0.01889963904875314
   ],
   "cum_var": {
    "2": 0.068103689879289,
    "4": 0.11577134918449969,
    "8": 0.18503634030887883,
    "16": 0.2805699820168793,
    "32": 0.4033505393460899,
    "64": 0.5782497420393379
   },
   "participation_ratio": 108.02952747694623,
   "eff_rank_entropy": 150.25531332324553
  },
  "enc.self.q": {
   "top_eigval_share": [
    0.027807113323627345,
    0.014007525223908013,
    0.013067785396370001,
    0.01242345429614028,
    0.01185350919672736
   ],
   "cum_var": {
    "2": 0.04181463854753536,
    "4": 0.06730587824004564,
    "8": 0.1097818683660331,
    "16": 0.17578893906859971,
    "32": 0.2791734108205654,
    "64": 0.45170560862397763
   },
   "participation_ratio": 159.46999205836008,
   "eff_rank_entropy": 180.14677521928178
  },
  "enc.self.v": {
   "top_eigval_share": [
    0.03334554682297385,
    0.024846945754450435,
    0.02156730912764157,
    0.01693969540514879,
    0.01599083863165092
   ],
   "cum_var": {
    "2": 0.05819249257742429,
    "4": 0.09669949711021465,
    "8": 0.15549851005069312,
    "16": 0.23745978687615518,
    "32": 0.3544718609176285,
    "64": 0.5310826652922487
   },
   "participation_ratio": 127.66844887606408,
   "eff_rank_entropy": 163.35631366693693
  }
 },
 "familles": {
  "n_families": 90,
  "cos_intra_famille": 0.20370042170008573,
  "cos_inter_famille": 0.018286784225812622,
  "cos_abs_moyen": 0.022520580140879324
 }
}